"key","day","citation","doi","pmid","design","year","n","access","currency","supports","found_via","verified_on"
"murphy-2008","1","Murphy GS, Szokol JW, Marymont JH, Greenberg SB, Avram MJ, Vender JS. Residual neuromuscular blockade and critical respiratory events in the postanesthesia care unit. Anesth Analg. 2008 Jul;107(1):130-137.","10.1213/ane.0b013e31816d1268","18635478","cohort","2008","7459 screened; 61 CREs; 42 matched case-control pairs analysed","paywalled","current","7459 general anaesthetics over 1 yr; 61 developed a predefined critical respiratory event in the first 15 min of PACU stay; 42 matched to controls; mean TOF ratio 0.62 (SD 0.20) in cases vs 0.98 (SD 0.07) in controls, difference -0.36 (95% CI -0.43 to -0.30, P<0.0001); 73.8% of cases had TOF <0.70 vs 0 controls; commonest CREs severe hypoxaemia 22/42 (52.4%) and upper airway obstruction 15/42 (35.7%)","","2026-09-02, PubMed record 18635478 + LWW abstract page"
"thilen-2023","1","Thilen SR, Weigel WA, Todd MM, Dutton RP, Lien CA, Grant SA, Szokol JW, Eriksson LI, Yaster M, Grant MD, Agarkar M, Marbella AM, Blanck JF, Domino KB. 2023 American Society of Anesthesiologists Practice Guidelines for Monitoring and Antagonism of Neuromuscular Blockade. Anesthesiology. 2023 Jan 1;138(1):13-41.","10.1097/ALN.0000000000004379","36520073","guideline","2023","NA","open","current","TOF ratio >=0.9 is the stated recovery threshold; quantitative monitoring recommended over qualitative/clinical assessment; sugammadex recommended for deep, moderate and shallow rocuronium- or vecuronium-induced block; neostigmine described as a reasonable alternative only from minimal block (TOF ratio 0.4 to <0.9); patients with documented quantitative TOF ratio >=0.9 do not require pharmacologic antagonism","","2026-09-02, LWW full-text record + ASA/APSF and Univ Minnesota bibliographic records; PMID not surfaced in any retrieved record; retrieval 2026-09-06: PMID from the PubMed search-result summary (DOI matches ledger)"
"saager-2019","1","Saager L, Maiese EM, Bash LD, Meyer TA, Minkowitz H, Groudine S, Philip BK, Tanaka P, Gan TJ, Rodriguez-Blanco Y, Soto R, Heisel O. Incidence, risk factors, and consequences of residual neuromuscular block in the United States: the prospective, observational, multicenter RECITE-US study. J Clin Anesth. 2019 Aug;55:33-41.","10.1016/j.jclinane.2018.12.042","30594097","cohort","2019","255","paywalled","current","Blinded multicentre cohort in operating and recovery rooms of 10 US community and academic hospitals; 64.7% (165/255) had residual block (TOF ratio <0.9) at extubation; 31.0% of those had TOF ratio <0.6; patients were judged suitable for extubation by routine clinical judgement and qualitative peripheral nerve stimulation","","2026-09-02, PubMed record 30594097 + ScienceDirect abstract"
"kirmeier-2019","1","Kirmeier E, Eriksson LI, Lewald H, Jonsson Fagerlund M, Hoeft A, Hollmann M, Meistelman C, Hunter JM, Ulm K, Blobner M; POPULAR Contributors. Post-anaesthesia pulmonary complications after use of muscle relaxants (POPULAR): a multicentre, prospective observational study. Lancet Respir Med. 2019 Feb;7(2):129-140.","10.1016/S2213-2600(18)30294-7","30224322","cohort","2019","22803","paywalled","current","22,803 patients from 211 hospitals in 28 European countries; use of neuromuscular blocking agents associated with postoperative pulmonary complications, adjusted OR 1.86 (95% CI 1.53-2.26); the authors report that neither use of reversal agents nor use of neuromuscular monitoring reduced that risk in this cohort; primary endpoint was any POPC occurring or persisting after PACU discharge, so PACU-treated residual block is largely excluded from it","","2026-09-02, PubMed record 30224322 + Lancet Respir Med correspondence pages"
"blobner-2020","1","Blobner M, Hunter JM, Meistelman C, Hoeft A, Hollmann MW, Kirmeier E, Lewald H, Ulm K. Use of a train-of-four ratio of 0.95 versus 0.9 for tracheal extubation: an exploratory analysis of POPULAR data. Br J Anaesth. 2020 Jan;124(1):63-72.","10.1016/j.bja.2019.08.023","31607388","cohort","2020","UNVERIFIED","paywalled","current","Exploratory reanalysis of POPULAR data comparing a 0.95 versus 0.9 TOF-ratio extubation threshold; carries the contested position that the conventional 0.9 threshold may be too permissive. Contested by Fuchs-Buder and Brull, Br J Anaesth 2020;124:12-14 (PMID 31685216)","ClinicalTrials.gov NCT06238219 structured reference table (PMID-indexed)","2026-09-02, ClinicalTrials.gov reference table; primary PubMed record not independently opened"
"fortier-2015","1","Fortier LP, McKeen D, Turner K, et al. The RECITE Study: a Canadian prospective, multicenter study of the incidence and severity of residual neuromuscular blockade. Anesth Analg. 2015;121:366-372.","10.1213/ANE.0000000000000757","25902322","cohort","2015","UNVERIFIED","UNVERIFIED","current","Canadian multicentre incidence estimate for residual block; needed only if the day quotes a non-US incidence figure alongside RECITE-US. Cited repeatedly but the primary record was not reached.","APSF reference list (apsf.org, New Practice Guidelines for Neuromuscular Blockade)","2026-09-02, secondary reference list only - NOT VERIFIED; retrieval 2026-09-06: DOI and PMID read from PubMed record 25902322 (Anesth Analg 2015;121(2):366-72)"
"visvanathan-2005-laryngospasm","2","Visvanathan T, Kluger MT, Webb RK, Westhorpe RN. Crisis management during anaesthesia: laryngospasm. Qual Saf Health Care. 2005 Jun;14(3):e3.","10.1136/qshc.2002.004275","15933300","case_series","2005","189 laryngospasm incidents","open","era_limited","189 reports of laryngospasm within the first 4000 incidents reported to the Australian Incident Monitoring Study; authors state that had a structured approach been used, earlier recognition or better management may have occurred in 16% of these cases; explicitly names post-obstructive pulmonary oedema, aspiration and severe hypoxaemia as the downstream morbidity of poorly managed laryngospasm","","2026-09-02, PMC record PMC1744026 + BMJ Qual Saf abstract page"
"visvanathan-2005-airway","2","Visvanathan T, Kluger MT, Webb RK, Westhorpe RN. Crisis management during anaesthesia: obstruction of the natural airway. Qual Saf Health Care. 2005 Jun;14(3):e2.","10.1136/qshc.2002.004325","15933293","case_series","2005","UNVERIFIED","open","era_limited","Companion AIMS analysis for obstruction of the natural airway; carries the observation that natural-airway obstruction may present simply as desaturation, which is the same-mechanism-different-timepoint framing the day rests on","","2026-09-02, PMC record PMC1744024"
"bmc-nppe-2025","2","Negative pressure pulmonary edema resulting from upper airway obstruction during the post-anesthesia recovery period: a case series and literature review. BMC Anesthesiol. 2025. (author list UNVERIFIED)","10.1186/s12871-025-02998-z","UNVERIFIED","case_series","2025","5","open","current","Five NPPE cases during recovery from general anaesthesia at one institution: four attributed to glossoptosis after extubation, one to laryngeal mask displacement; all had typical clinical and imaging features; none had a poor outcome. Carries the point that the precipitant in the recovery period is not always laryngospasm.","","2026-09-02, BMC/Springer article page; author list not captured in retrieved excerpt"
"olsson-1984","2","Olsson GL, Hallen B. Laryngospasm during anaesthesia. A computer-aided incidence study in 136,929 patients. Acta Anaesthesiol Scand. 1984;28(5):567-575.","10.1111/j.1399-6576.1984.tb02121.x","6496018","cohort","1984","136929","UNVERIFIED","era_limited","The denominator study everyone cites for laryngospasm incidence. Include only if the day states an incidence figure; the figure itself was not read from the primary record.","Reference list of Taylor & Francis / informahealthcare review 10.2147/TCRM.S200662","2026-09-02, secondary reference list only - NOT VERIFIED; retrieval 2026-09-06: DOI and PMID read from PubMed record 6496018; abstract gives 1232 laryngospasms in 156,064 anaesthetics (136,929 patients)"
"fu-2004","3","Fu ES, Downs JB, Schweiger JW, Miguel RV, Smith RA. Supplemental oxygen impairs detection of hypoventilation by pulse oximetry. Chest. 2004 Nov;126(5):1552-1558.","10.1378/chest.126.5.1552","15539726","rct","2004","Phase 1 n=45 (OR, patient-controlled: FiO2 0.21 n=25, 0.25 n=10, 0.30 n=10); phase 2 n=288 randomised in the PACU (room air 155, supplemental O2 133)","UNVERIFIED","era_limited","Two-phase study in surgical patients, not volunteers. Phase 1 (OR, n=45): hypoventilation defined as a 50% reduction in minute ventilation; SpO2 declined only in the room-air group, with no decline at all at FiO2 0.25 or 0.30. Phase 2 (PACU, n=288, randomised room air vs supplemental O2, SpO2 every minute for up to 40 min): desaturation below SpO2 90% in 9.0% on room air vs 2.3% on supplemental O2, P=0.02. The direction is the teaching trap: supplemental oxygen removes the oximeter's hypoventilation signal.","Cited in APSF newsletter correspondence, Univ of Florida virtual anesthesia machine teaching page, and a US patent specification; PDF subsequently held and extracted (docs/extraction-findings.md)","2026-09-04, figures read from the held PDF (docs/extraction-findings.md A4 and B Day 3); DOI from docs/phase0-execution-brief.md; PMID and access status still unverified; retrieval 2026-09-06: PMID read from PubMed record 15539726; DOI and two-phase design confirmed there"
"epstein-2014","3","Epstein RH, Dexter F, Lopez MG, Ehrenfeld JM. Anesthesiologist staffing considerations consequent to the temporal distribution of hypoxemic episodes in the postanesthesia care unit. Anesth Analg. 2014 Dec;119(6):1322-1333.","10.1213/ANE.0000000000000410","25185590","cohort","2014","137757","paywalled","current","SpO2 recorded electronically every 30-60 s in 137,757 PACU patients across 80 four-week periods at one academic centre; hypoxaemic episode defined as SpO2 <90% lasting at least 2 min; episodes beginning <30 min after PACU admission compared with those beginning >=30 min after; resolution assessed at 3, 5 and 10 min. Carries the timing argument, i.e. that desaturation is not front-loaded into the first minutes of PACU stay.","","2026-09-02, PubMed record 25185590"
"asa-pacu-2013-d3","3","American Society of Anesthesiologists Task Force on Postanesthetic Care. Practice Guidelines for Postanesthetic Care: an updated report. Anesthesiology. 2013 Feb;118(2):291-307.","10.1097/ALN.0b013e31827773e9","23364567","guideline","2013","NA","open","current","States that the original literature indicated assessment and monitoring of respiratory function during recovery is associated with early detection of hypoxaemia (Category A2-B evidence) and that new literature is insufficient to further evaluate that finding; consultants and ASA members agree airway patency, respiratory rate and SpO2 should be assessed periodically during emergence and recovery. Note this is oximetry-based; the guideline does not mandate a ventilation monitor.","","2026-09-02, ASA/Anesthesiology full-text page + ASA PDF; retrieval 2026-09-06: PMID read from PubMed record 23364567; DOI confirmed"
"khanna-2020","4","Khanna AK, Bergese SD, Jungquist CR, et al; PRODIGY Group Collaborators. Prediction of opioid-induced respiratory depression on inpatient wards using continuous capnography and oximetry: an international prospective, observational trial. Anesth Analg. 2020 Oct;131(4):1012-1024.","10.1213/ANE.0000000000004788","32925318","cohort","2020","1335","open","current","1335 patients on parenteral opioids, blinded continuous capnography and oximetry, 16 sites in the US, Europe and Asia, with vital signs otherwise taken intermittently per standard of care; respiratory depression episode defined as RR <=5/min, SpO2 <=85%, or EtCO2 <=15 or >=60 mmHg for >=3 min, apnoea >30 s, or any respiratory opioid-related adverse event; 46% of patients had at least one episode; PRODIGY risk score derived from 46 a priori risk factors by stepwise multivariable logistic regression, internally validated by bootstrapping","","2026-09-02, PubMed record 32925318; NOTE a second PMID 32304460 appears against this DOI in one institutional record - resolve before citing the PMID"
"driver-2021","4","Driver CN, Laporta ML, Bergese SD, Urman RD, Di Piazza F, Overdyk FJ, Sprung J, Weingarten TN. Frequency and temporal distribution of postoperative respiratory depressive events. Anesth Analg. 2021;132(5):1206-1214.","10.1213/ANE.0000000000005478","33857962","cohort","2021","250","UNVERIFIED","current","Post hoc analysis of PRODIGY patients from 2 US sites monitored on general care floors: 2539 adjudicated respiratory depression episodes in 155 of 250 patients (62.0%, 95% CI 55.7-68.0), median 2 episodes per patient [0-8], range 0-545; median time to the initial episode 8.8 h [5.1-18.0] postoperatively; peak of initial events 14:00-20:00, peak of all episodes 02:00-06:00; PRODIGY risk distribution 100 low (40.0%), 79 intermediate (31.6%), 70 high (28.0%). BOUNDARY: median time from end of surgery to start of monitoring was 4.3 h [3.2-6.2], i.e. monitoring began well after PACU discharge; this study cannot support a PACU claim (extraction-findings B Day 4).","SUNY Research Connect institutional publication record; PDF subsequently held and extracted (docs/extraction-findings.md)","2026-09-04, bibliographic record and figures read from the held PDF (docs/extraction-findings.md B Day 4); PMID and access status still unverified; retrieval 2026-09-06: PMID read from PubMed record 33857962; DOI and 2021;132(5):1206-1214 confirmed"
"taenzer-2010","4","Taenzer AH, Pyke JB, McGrath SP, Blike GT. Impact of pulse oximetry surveillance on rescue events and intensive care unit transfers: a before-and-after concurrence study. Anesthesiology. 2010 Feb;112(2):282-287.","10.1097/ALN.0b013e3181ca7a9b","20098128","cohort","2010","UNVERIFIED","open","current","Continuous pulse-oximetry surveillance with wireless pager notification on one postoperative unit, 11 months before and 10 months after, with two concurrent unchanged comparison units; rescue events fell from 3.4 (1.89-4.85) to 1.2 (0.53-1.88) and ICU transfers from 5.6 (3.7-7.4) to 2.9 (1.4-4.3) per 1000 patient days. Denominator for the rescue-event rate was corrected by erratum: see taenzer-2010-erratum.","","2026-09-02, PubMed record 20098128 + Anesthesiology full-text page"
"taenzer-2010-erratum","4","Impact of Pulse Oximetry Surveillance on Rescue Events and Intensive Care Unit Transfers: A Before-and-After Concurrence Study: Erratum. Anesthesiology. 2020 Mar;132(3):602.","10.1097/ALN.0000000000003091","31868773","guideline","2020","NA","open","current","Corrects the denominator label for rescue-event rates from patient discharges to patient days, ten years after original publication; the authors state the findings are unaltered. Any teaching page quoting the 3.4 to 1.2 figures must use patient days.","Listed as a linked comment on the PubMed record for the original","2026-09-02, PubMed record 31868773 + Anesthesiology erratum text"
"sun-2015","4","Sun Z, Sessler DI, Dalton JE, et al. Postoperative hypoxemia is common and persistent: a prospective blinded observational study. Anesth Analg. 2015;121:709-715.","10.1213/ANE.0000000000000836","26287299","cohort","2015","UNVERIFIED","open","current","Blinded continuous oximetry showing postoperative hypoxaemia is both common and prolonged, and largely missed by intermittent nursing observation. Include only if the day quotes its duration figures; those figures were not read.","Reference list of Anesth Analg 2017 systematic review, DOI 10.1213/ANE.0000000000002557","2026-09-02, secondary reference list only - NOT VERIFIED; retrieval 2026-09-06: DOI and PMID read from PubMed record 26287299; Free PMC article PMC4825673 so access open"
"sessler-2018","5","Sessler DI, Meyhoff CS, Zimmerman NM, et al. Period-dependent associations between hypotension during and for four days after noncardiac surgery and a composite of myocardial infarction and death: a substudy of the POISE-2 trial. Anesthesiology. 2018 Feb;128(2):317-327.","10.1097/ALN.0000000000001985","29189290","cohort","2018","9765","open","current","Substudy of POISE-2 (10,010-patient factorial RCT); clinically important hypotension defined as SBP <90 mmHg requiring treatment; among 9,765 patients 42% experienced hypotension, 590 (6.0%) had infarction and 116 (1.2%) died within 30 days; intraoperative estimated average relative effect across MI and mortality 1.08 (98.3% CI 1.03-1.12). THE EXPOSURE UNIT FOR THAT 1.08 IS CUT OFF IN THE ABSTRACT - confirm in full text before writing it.","","2026-09-02, PubMed record 29189290 + Anesthesiology abstract page"
"mcevoy-2019","5","McEvoy MD, Gupta R, Koepke EJ, et al. Perioperative Quality Initiative consensus statement on postoperative blood pressure, risk and outcomes for elective surgery. Br J Anaesth. 2019;122(5). (page range UNVERIFIED)","10.1016/j.bja.2019.01.019","30916008","consensus_statement","2019","NA","open","current","POQI-3 postoperative-BP statement: a systolic pressure below 90 mmHg or more than 30% below baseline is likely to put most patients at risk of end-organ injury; risk rises with each 10-min epoch of hypotension intraoperatively and on POD0; the odds ratio for poor outcome with hypotension is described as almost three times as high on POD1-4, a period when prolonged hypotension can go unseen because ward vital signs are taken only every 4-6 h. This is the source for the dose-and-duration framing of the day.","","2026-09-02, BJA full-text article page (S0007-0912(19)30059-5); author list and pagination taken from the article landing page, PMID not surfaced; retrieval 2026-09-06: DOI and PMID read from PubMed record 30916008 (Br J Anaesth 2019;122(5):575-586)"
"sessler-2019","5","Sessler DI, Bloomstone JA, Aronson S, et al. Perioperative Quality Initiative consensus statement on intraoperative blood pressure, risk and outcomes for elective surgery. Br J Anaesth. 2019 May;122(5):563-574.","10.1016/j.bja.2019.01.013","30916004","consensus_statement","2019","NA","open","current","Consensus statement 1: intraoperative MAP below 60-70 mmHg is associated with myocardial injury, acute kidney injury and death, and injury is a function of both severity and duration. The statement also records that a 2007 systematic review identified 140 different definitions of intraoperative hypotension across 130 studies.","","2026-09-02, BJA and ScienceDirect article pages (S0007-0912(19)30050-9); retrieval 2026-09-06: DOI and PMID read from PubMed record 30916004 (Br J Anaesth 2019;122(5):563-574)"
"salmasi-2017","5","Salmasi V, Maheshwari K, Yang D, Mascha EJ, Singh A, Sessler DI, Kurz A. Relationship between intraoperative hypotension, defined by either reduction from baseline or absolute thresholds, and acute kidney and myocardial injury after noncardiac surgery: a retrospective cohort analysis. Anesthesiology. 2017;126:47-65.","UNVERIFIED","27792044","cohort","2017","UNVERIFIED","paywalled","current","The absolute-threshold versus relative-reduction comparison. Carries the finding that absolute MAP thresholds perform about as well as percentage reductions from baseline, which is what lets a PACU protocol use a fixed number.","PLOS ONE systematic review 10.1371/journal.pone.0263737, PMID-annotated reference list","2026-09-02, PMID read from a PMID-annotated secondary reference list, not from PubMed itself - CONFIRM BEFORE USE"
"liem-2020","5","Liem VGB, Hoeks SE, Mol KHJM, et al. Postoperative hypotension after noncardiac surgery and the association with myocardial injury. Anesthesiology. 2020;133:510-522.","10.1097/ALN.0000000000003368","UNVERIFIED","cohort","2020","1710","paywalled","current","Single-centre observational cohort of 1710 patients aged 60 or older having intermediate- to high-risk noncardiac surgery, with frequent haemodynamic sampling on a postoperative high-dependency ward for the first 24 h; multiple absolute MAP thresholds from 50 to 75 mmHg characterised by cumulative minutes, duration and area under threshold. This is the closest published analogue to a PACU exposure model.","","2026-09-02, Anesthesiology abstract page (10.1097/aln.0000000000003368). Frequently quoted figures (2 cumulative hours <60 mmHg in 8%; 4 continuous hours <75 mmHg in 48%) were read from a secondary Anesth Analg discussion, NOT from this record"
"sessler-2019-d6","6","Sessler DI, Bloomstone JA, Aronson S, et al. Perioperative Quality Initiative consensus statement on intraoperative blood pressure, risk and outcomes for elective surgery. Br J Anaesth. 2019 May;122(5):563-574.","10.1016/j.bja.2019.01.013","30916004","consensus_statement","2019","NA","open","current","Consensus statement 2, verbatim sense: for adult noncardiac surgical patients there is insufficient evidence to recommend a general upper limit of arterial pressure at which therapy should be initiated, although pressures above 160 mmHg have been associated with myocardial injury and infarction. This is the strongest available statement that the number itself is not the treatment target.","","2026-09-02, ResearchGate-hosted author PDF abstract + BJA article page; retrieval 2026-09-06: same paper as sessler-2019; PubMed record 30916004"
"asa-pacu-2013-d6","6","American Society of Anesthesiologists Task Force on Postanesthetic Care. Practice Guidelines for Postanesthetic Care: an updated report. Anesthesiology. 2013 Feb;118(2):291-307.","10.1097/ALN.0b013e31827773e9","23364567","guideline","2013","NA","open","current","States that the literature continues to be insufficient to evaluate the impact of cardiovascular assessment and monitoring, or of routine electrocardiographic monitoring, on perioperative complications. Also states that assessment of urine output and voiding should be done case by case, which is the bladder limb of this day's differential.","","2026-09-02, Anesthesiology full-text page + ASA PDF; retrieval 2026-09-06: PMID read from PubMed record 23364567; DOI confirmed"
"kurz-1996","7","Kurz A, Sessler DI, Lenhardt R. Perioperative normothermia to reduce the incidence of surgical-wound infection and shorten hospitalization. Study of Wound Infection and Temperature Group. N Engl J Med. 1996 May 9;334(19):1209-1215.","10.1056/NEJM199605093341901","8606715","rct","1996","200","paywalled","era_limited","200 colorectal surgery patients randomised to routine intraoperative thermal care versus additional warming; the landmark wound-infection and length-of-stay result. Era limitations: single surgical population, pre-modern SSI bundle, pre-modern warming equipment.","","2026-09-02, PubMed record 8786768 (linked comment) + ClinicalTrials.gov PMID-indexed reference tables; Semantic Scholar record for methods"
"frank-1997","7","Frank SM, Fleisher LA, Breslow MJ, Higgins MS, Olson KF, Kelly S, Beattie C. Perioperative maintenance of normothermia reduces the incidence of morbid cardiac events. A randomized clinical trial. JAMA. 1997 Apr 9;277(14):1127-1134.","UNVERIFIED","9087467","rct","1997","UNVERIFIED","paywalled","era_limited","RCT of routine thermal care versus supplemental warming in patients with cardiac risk factors having noncardiac surgery; conclusion is that maintaining normothermia is associated with a reduced incidence of morbid cardiac events and of ventricular tachycardia. The effect size and sample size were not read from the record.","","2026-09-02, PubMed record 9087467"
"schmied-1996","7","Schmied H, Kurz A, Sessler DI, Kozek S, Reiter A. Mild hypothermia increases blood loss and transfusion requirements during total hip arthroplasty. Lancet. 1996 Feb 3;347(8997):289-292.","10.1016/s0140-6736(96)90466-3","8569362","rct","1996","UNVERIFIED","paywalled","era_limited","The blood-loss limb of the hypothermia outcome argument, in total hip arthroplasty.","ClinicalTrials.gov NCT03256786 PMID-indexed reference table","2026-09-02, ClinicalTrials.gov structured reference table with PMID and DOI; primary record not opened"
"rajagopalan-2008","7","Rajagopalan S, Mascha E, Na J, Sessler DI. The effects of mild perioperative hypothermia on blood loss and transfusion requirement: a meta-analysis. Anesthesiology. 2008;108:71-77.","10.1097/01.anes.0000296719.73450.52","UNVERIFIED","meta_rct","2008","UNVERIFIED","paywalled","current","Meta-analysis pooling the blood loss and transfusion effect of mild perioperative hypothermia. Use for the pooled estimate rather than Schmied alone.","PMC article PMC6849040 reference list with DOI","2026-09-02, secondary reference list with DOI; primary record not opened"
"sessler-2022","7","Sessler DI, Pei L, Li K, Cui S, Chan MTV, Huang Y, Wu J, He X, Bajracharya GR, Rivas E, Lam CKM; PROTECT Investigators. Aggressive intraoperative warming versus routine thermal management during non-cardiac surgery (PROTECT): a multicentre, parallel group, superiority trial. Lancet. 2022 May 7;399(10337):1799-1808.","10.1016/S0140-6736(22)00560-8","35390321","rct","2022","5056 enrolled; 5013 intention-to-treat","paywalled","current","12 sites; patients aged >=45 with at least one cardiovascular risk factor, inpatient noncardiac surgery 2-6 h under general anaesthesia, BMI >30 and dialysis excluded; aggressive warming reached mean final intraoperative core 37.1 C (SD 0.3) versus 35.6 C (SD 0.3) routine; the 30-day composite of myocardial injury, non-fatal cardiac arrest and all-cause mortality occurred in 246/2497 (9.9%) versus 239/2490 (9.6%); no difference in surgical site infection, transfusion, length of stay or readmission; authors conclude keeping core temperature at least 35.5 C appears sufficient. THIS IS THE ROW THAT QUALIFIES THE DAY AS WRITTEN.","","2026-09-02, PubMed record 35390321 + Lancet abstract page"
"botto-2014","8","Botto F, Alonso-Coello P, Chan MTV, et al. Myocardial injury after noncardiac surgery: a large, international, prospective cohort study establishing diagnostic criteria, characteristics, predictors, and 30-day outcomes. Anesthesiology. 2014;120:564-578.","10.1097/ALN.0000000000000113","24534856","cohort","2014","15065","paywalled","current","15,065 patients aged 45 or older; MINS diagnostic criterion peak troponin T >=0.03 ng/mL judged due to myocardial ischaemia; 1200 patients (8.0%) had MINS; 58.2% of them would not have met the universal definition of myocardial infarction; only 15.8% experienced an ischaemic symptom; adjusted hazard ratio for 30-day mortality 3.87 (95% CI 2.96-5.08); highest population-attributable risk of any perioperative complication at 34.0% (95% CI 26.6-41.5). This row carries the silence claim outright.","","2026-09-02, PubMed record 24534856; retrieval 2026-09-06: DOI from the PubMed search-result summary (Anesthesiology 2014;120(3):564-78); abstract still unread"
"devereaux-2017","8","Writing Committee for the VISION Study Investigators; Devereaux PJ, Biccard BM, Sigamani A, Xavier D, Chan MTV, et al. Association of postoperative high-sensitivity troponin levels with myocardial injury and 30-day mortality among patients undergoing noncardiac surgery. JAMA. 2017;317:1642-1651.","10.1001/jama.2017.4360","28444280","cohort","2017","UNVERIFIED (>20,000)","paywalled","current","Fifth-generation hsTnT measured on the first 3 postoperative days in the VISION cohort; establishes the hsTnT thresholds now used for MINS (20-65 ng/L with absolute change >5 ng/L, or >=65 ng/L, judged ischaemic). A secondary commentary reports 17.9% met MINS criteria; THAT FIGURE WAS NOT READ FROM THE PRIMARY RECORD.","","2026-09-02, PubMed record 28444280; MINS threshold wording confirmed from PubMed record 37459169 abstract"
"devereaux-2012","8","Vascular Events In Noncardiac Surgery Patients Cohort Evaluation (VISION) Study Investigators; Devereaux PJ, Chan MTV, Alonso-Coello P, Walsh M, Berwanger O, et al. Association between postoperative troponin levels and 30-day mortality among patients undergoing noncardiac surgery. JAMA. 2012;307:2295-2304.","10.1001/jama.2012.5502","UNVERIFIED","cohort","2012","UNVERIFIED","paywalled","superseded_by:devereaux-2017","The fourth-generation troponin T predecessor to the 2017 hsTnT analysis. Include only to show what changed when the assay generation changed; not a current source for thresholds.","PMC article PMC8831428 reference list with DOI","2026-09-02, secondary reference list with DOI; primary record not opened"
"ruetzler-2021","8","Ruetzler K, Smilowitz NR, Berger JS, Devereaux PJ, Maron BA, Newby LK, de Jesus Perez V, Sessler DI, Wijeysundera DN. Diagnosis and management of patients with myocardial injury after noncardiac surgery: a scientific statement from the American Heart Association. Circulation. 2021;144(19):e287-e305.","10.1161/CIR.0000000000001024","34601955","consensus_statement","2021","NA","open","current","The society-level statement that decides what to do once MINS is found, i.e. the other half of the day's 'the decision not to look is a decision' claim. Needed if the day tells residents what follows a positive result.","Wikipedia article citation carrying full bibliographic detail and DOI","2026-09-02, secondary citation only, publisher record not opened - CONFIRM BEFORE USE; retrieval 2026-09-06: PMID read from PubMed record 34601955; Circulation 2021;144(19):e287-e305 confirmed - the CONFIRM BEFORE USE flag is cleared"
"gan-2026","9","Gan TJ, Jin Z, Ayad S, Belani KG, Habib AS, Meyer TA, et al. Fifth Consensus Guidelines for the Management of Postoperative Nausea and Vomiting: Executive Summary. Anesth Analg. 2026 Sep;143(3):497-513.","10.1213/ANE.0000000000007816","41237407","guideline","2026","NA","paywalled","current","Current PONV guideline, in print September 2026 (online ahead of print 14 November 2025); supersedes the Fourth Consensus Guidelines. Graded statements read from the full text include A1 evidence that low-dose gabapentinoids (<300 mg pregabalin/day or <900 mg gabapentin/day) reduce PONV risk despite showing no significant analgesic efficacy, and A1 that opioid-free anaesthesia reduces PONV versus opioid-based anaesthesia; also cautions that nonselective NSAIDs may be associated with anastomotic leak in gastrointestinal surgery. Director-confirmed 2026-09-06 from the held full text: Guideline 3, verbatim, ADMINISTER PONV PROPHYLAXIS USING 2 INTERVENTIONS IN ADULTS AT ANY RISK, with the rationale that clinicians adherence to risk-based adjustments in PONV prophylaxis is suboptimal and that modern antiemetics are safe at perioperative doses; the Apfel score remains validated but no longer gates prophylaxis (docs/extraction-findings-3.md).","","2026-09-02, PubMed record 41237407 + Anesthesia & Analgesia full-text page carrying final volume/issue/pages"
"gan-2020","9","Gan TJ, Belani KG, Bergese S, Chung F, Diemunsch P, Habib AS, et al. Fourth Consensus Guidelines for the Management of Postoperative Nausea and Vomiting. Anesth Analg. 2020 Aug;131(2):411-448.","10.1213/ANE.0000000000004833","32467512","guideline","2020","NA","open","superseded_by:gan-2026","Literature search closed September 2019. Carries the additive-prophylaxis and risk-stratification architecture the day is built on, plus the institutional-protocol recommendations. Use only where the curriculum needs to show what changed between the Fourth and the Fifth.","","2026-09-02, PubMed record 32467512 + LWW abstract page"
"gan-2020-erratum","9","Fourth Consensus Guidelines for the Management of Postoperative Nausea and Vomiting: Erratum. Anesth Analg. 2020 Nov;131(5):e241.","10.1213/ANE.0000000000005245","33094991","guideline","2020","NA","open","current","Erratum to the Fourth Consensus Guidelines. Content of the correction not read; check before quoting any specific dose or table from the 2020 document.","Linked comment on PubMed record 32467512","2026-09-02, PubMed record 33094991 (citation only, no abstract)"
"apfel-1999","9","Apfel CC, Laara E, Koivuranta M, Greim CA, Roewer N. A simplified risk score for predicting postoperative nausea and vomiting: conclusions from cross-validations between two centers. Anesthesiology. 1999;91:693-700.","10.1097/00000542-199909000-00022","10485781","cohort","1999","UNVERIFIED","UNVERIFIED","era_limited","The four-factor score itself (female sex, non-smoker, history of PONV or motion sickness, postoperative opioids), cross-validated between two centres. THE INCREMENTAL RISK PER FACTOR WAS NOT READ - do not state a per-factor percentage from this row until the full text is obtained.","Reference list of Journal of PeriAnesthesia Nursing article S1089-9472(21)00348-8","2026-09-02, secondary reference list only - NOT VERIFIED; retrieval 2026-09-06: DOI and PMID read from PubMed record 10485781 (Anesthesiology 1999;91(3):693-700)"
"apfel-2004","9","Apfel CC, Korttila K, Abdalla M, et al. A factorial trial of six interventions for the prevention of postoperative nausea and vomiting. N Engl J Med. 2004;350(24):2441-2451.","10.1056/NEJMoa032196","15190136","rct","2004","UNVERIFIED","open","era_limited","IMPACT. The factorial design is what makes additivity of prophylaxis a trial result rather than an inference, which is the load-bearing claim of the day. THE RELATIVE RISK REDUCTION PER INTERVENTION WAS NOT READ.","ClinicalTrials.gov NCT07026162 reference list with DOI","2026-09-02, secondary reference list with DOI; primary record not opened; retrieval 2026-09-06: PMID and Free PMC marker from the PubMed search-result summary for record 15190136 (record page not separately opened)"
"neal-2018","11","Neal JM, Barrington MJ, Fettiplace MR, Gitman M, Memtsoudis SG, Morwald EE, Rubin DS, Weinberg G. The Third American Society of Regional Anesthesia and Pain Medicine Practice Advisory on Local Anesthetic Systemic Toxicity: Executive Summary 2017. Reg Anesth Pain Med. 2018 Feb;43(2):113-123.","10.1097/AAP.0000000000000720","29356773","advisory","2018","NA","paywalled","current","Interim update to the 2010 advisory covering mechanisms of lipid resuscitation, updated frequency estimates for LAST, the preventive role of ultrasound guidance, changes in case presentation patterns, and the limited evidence around local infiltration anaesthesia and liposomal bupivacaine. This is the source for the atypical and delayed presentations that make LAST look unlike block regression.","","2026-09-02, PubMed record 29356773"
"neal-2021-checklist","11","Neal JM, Neal EJ, Weinberg GL. American Society of Regional Anesthesia and Pain Medicine Local Anesthetic Systemic Toxicity checklist: 2020 version. Reg Anesth Pain Med. 2021 Jan;46(1):81-82.","10.1136/rapm-2020-101986","33148630","advisory","2021","NA","open","current","The current cognitive aid, updated from the 2012/2017 versions in response to user feedback and simulation studies. CARRIES A CORRECTION NOTICE: Figure 1 was replaced after online-first publication, so any reproduced checklist graphic must come from the corrected version or from asra.com.","","2026-09-02, PubMed record 33148630 + publisher PDF carrying the correction notice"
"neal-2015","11","Neal JM, Barrington MJ, Brull R, Hadzic A, Hebl JR, Horlocker TT, Huntoon MA, Kopp SL, Rathmell JP, Watson JC. The Second ASRA Practice Advisory on Neurologic Complications Associated With Regional Anesthesia and Pain Medicine: Executive Summary 2015. Reg Anesth Pain Med. 2015 Sep-Oct;40(5):401-430.","UNVERIFIED","26288034","advisory","2015","NA","paywalled","current","The framework for distinguishing prolonged block, block failure and neurologic injury on examination. Needed for the exam-findings half of the day.","ClinicalTrials.gov NCT07238933 PMID-indexed reference table","2026-09-02, ClinicalTrials.gov structured reference table; primary record not opened"
"ivani-2015","11","Ivani G, Suresh S, Ecoffey C, et al. The European Society of Regional Anaesthesia and Pain Therapy and the American Society of Regional Anesthesia and Pain Medicine Joint Committee Practice Advisory on Controversial Topics in Pediatric Regional Anesthesia. Reg Anesth Pain Med. 2015. (volume and pages UNVERIFIED)","UNVERIFIED","26192549","advisory","2015","NA","paywalled","current","States that there are no current evidence-based data that the use of regional anaesthesia increases the risk of acute compartment syndrome or delays its diagnosis, and that high-level evidence is not available for the topics evaluated, with most recommendations based on Evidence B studies. NOTE THE SCOPE IS PAEDIATRIC. This is the strongest society statement retrieved on the compartment-syndrome question and it does not support the claim as the day currently words it.","","2026-09-02, PubMed record 26192549"
"aldecoa-2024","12","Aldecoa C, Bettelli G, Bilotta F, Sanders RD, Aceto P, Audisio R, et al. Update of the European Society of Anaesthesiology and Intensive Care Medicine evidence-based and consensus-based guideline on postoperative delirium in adult patients. Eur J Anaesthesiol. 2024 Feb;41(2):81-108.","10.1097/EJA.0000000000001876","37599617","guideline","2024","NA","open","current","POD defined per DSM-5; the guideline requires POD to be measured with a validated screening tool at least once daily for at least 3 days, starting in the recovery room or PACU on the day of surgery or at latest on postoperative day 1 - this is the sentence that puts delirium screening inside the PACU rather than on the ward; 13 recommendations; the certainty of evidence across those recommendations ranges from very low to moderate; literature window 1 April 2015 to 28 February 2022.","","2026-09-02, PMC record PMC10763721 + EJA full-text page; PMID from Guideline Central record"
"aldecoa-2017","12","Aldecoa C, Bettelli G, Bilotta F, et al. European Society of Anaesthesiology evidence-based and consensus-based guideline on postoperative delirium. Eur J Anaesthesiol. 2017;34:192-214.","10.1097/EJA.0000000000000594","UNVERIFIED","guideline","2017","NA","paywalled","superseded_by:aldecoa-2024","Predecessor guideline. Use only to show what the 2024 update changed.","Reference lists of PMC11164714 and PubMed record 38649509","2026-09-02, secondary reference lists with DOI; primary record not opened"
"gross-2014","14","American Society of Anesthesiologists Task Force on Perioperative Management of Patients with Obstructive Sleep Apnea; Gross JB, Apfelbaum JL, Caplan RA, Connis RT, Cote CJ, Nickinovich DG, et al. Practice guidelines for the perioperative management of patients with obstructive sleep apnea: an updated report. Anesthesiology. 2014 Feb;120(2):268-286.","10.1097/ALN.0000000000000053","UNVERIFIED","guideline","2014","NA","open","current","VERBATIM, the sentence the day is built on: the literature is insufficient to offer guidance regarding the appropriate time for discharge of patients at increased perioperative risk from OSA from the surgical facility. The recommendation that follows carries the strength qualifier STRONGLY AGREE (consultants and ASA members), not an evidence grade: that such patients should not be discharged from the recovery area to an unmonitored setting, meaning home or an unmonitored hospital bed, until they are no longer at risk of postoperative respiratory depression. See gaps.md for the full quoted wording.","","2026-09-02, ASA/Anesthesiology full-text page (pubs.asahq.org/anesthesiology/article/120/2/268) + ASA-hosted guideline PDF"
"chung-2016-sasm","14","Chung F, Memtsoudis SG, Ramachandran SK, et al. Society of Anesthesia and Sleep Medicine guidelines on preoperative screening and assessment of adult patients with obstructive sleep apnea. Anesth Analg. 2016. (volume and pages UNVERIFIED)","10.1213/ANE.0000000000001416","27442772","guideline","2016","NA","open","current","Explicitly records that few randomised studies exist in this field and that most recommendations were developed by experts through consensus with evidence grading. That self-description is itself the teaching point of the day. Also carries the disclaimer that the guideline may not be appropriate for all clinical situations.","","2026-09-02, LWW full-text page for the 2016 SASM guideline; author list and pagination not captured; retrieval 2026-09-06: DOI and PMID read from PubMed record 27442772; PMC4956681 (Anesth Analg 2016;123(2):452-73)"
"asa-pacu-2013","15","American Society of Anesthesiologists Task Force on Postanesthetic Care; Apfelbaum JL, Silverstein JH, Chung FF, Connis RT, Fillmore RB, Hunt SE, Nickinovich DG, Schreiner MS. Practice Guidelines for Postanesthetic Care: an updated report. Anesthesiology. 2013 Feb;118(2):291-307.","10.1097/ALN.0b013e31827773e9","23364567","guideline","2013","NA","open","current","Section V, Protocol for Discharge, states that the literature is insufficient to evaluate the benefits of requiring that patients urinate before discharge. The opinion survey reported alongside it records ASA member support for NOT requiring voiding before discharge at 85%, for requiring a responsible individual to accompany the patient home at 95%, and for not requiring a mandatory minimum stay in recovery at 85%. Requiring that patients drink water before discharge is listed among the interventions members did not support. This is the whole evidentiary basis for the day.","","2026-09-02, Anesthesiology full-text page (118/2/291) + ASA-hosted guideline PDF; retrieval 2026-09-06: PMID read from PubMed record 23364567; DOI confirmed"
"lanefall-2020","16","Lane-Fall MB, Pascual JL, Peifer HG, Di Taranti LJ, Collard ML, Jablonski J, Gutsche JT, Halpern SD, Barg FK, Fleisher LA; HATRICC study team. A partially structured postoperative handoff protocol improves communication in 2 mixed surgical intensive care units: findings from the Handoffs and Transitions in Critical Care (HATRICC) prospective cohort study. Ann Surg. 2020 Mar;271(3):484-493.","10.1097/SLA.0000000000003137","30499797","cohort","2020","UNVERIFIED","paywalled","current","Prospective interventional cohort (NCT02267174) in 2 surgical ICUs at 2 affiliated hospitals, 2014-2016; primary outcome was the number of information omissions out of 13 possible topics, recorded by trained observers; handoff duration increased from 4.1 (SD 3.3) to 8.0 (SD 3.9) minutes, P<0.001; ICU mortality and length of stay did not change. THIS IS THE STRONGEST OR-TO-ICU HANDOVER STUDY AND IT IS A BEFORE-AND-AFTER COHORT, NOT A TRIAL, AND IT IS NEGATIVE FOR CLINICAL OUTCOMES.","","2026-09-02, PubMed record 30499797 + Penn PAIR Center abstract record"
"salzwedel-2013","16","Salzwedel C, Bartz HJ, Kuhnelt I, Appel D, Haupt O, Maisch S, Schmidt GN. The effect of a checklist on the quality of post-anaesthesia patient handover: a randomized controlled trial. Int J Qual Health Care. 2013;25:176-181.","10.1093/intqhc/mzt009","23360810","rct","2013","UNVERIFIED","UNVERIFIED","current","One of the few genuine randomised trials of a handover checklist. Needed if the day claims handover is a MEASURABLE risk point rather than merely a plausible one.","Reference list of BMC Surgery 2014 HATRICC protocol, DOI 10.1186/1471-2482-14-96","2026-09-02, secondary reference list only - NOT VERIFIED; retrieval 2026-09-06: DOI and PMID read from PubMed record 23360810 (Int J Qual Health Care 2013;25(2):176-81)"
"salzwedel-2016","16","Salzwedel C, Mai V, Punke MA, et al. The effect of a checklist on the quality of patient handover from the operating room to the intensive care unit: a randomized controlled trial. J Crit Care. 2016;32:170-174.","10.1016/j.jcrc.2015.12.016","26818630","rct","2016","UNVERIFIED","UNVERIFIED","current","The OR-to-ICU randomised checklist trial, distinct from the 2013 post-anaesthesia handover trial by the same group. Together these two are the trial-grade evidence the day needs.","Reference list of Updates in Surgery 2023 article, DOI 10.1007/s13304-023-01551-2","2026-09-02, secondary reference list only - NOT VERIFIED; retrieval 2026-09-06: DOI and PMID read from PubMed record 26818630 (J Crit Care 2016;32:170-4)"
"agarwala-2019","16","Agarwala AV, Lane-Fall MB, Greilich PE, et al. Consensus recommendations for the conduct, training, implementation, and research of perioperative handoffs. Anesth Analg. 2019;128:e71-e78.","10.1213/ANE.0000000000004118","30995210","consensus_statement","2019","NA","UNVERIFIED","current","The society-level statement on what a perioperative handover should contain and how it should be taught. Use for the structure of the handover, not for its effect.","Multi-Center Handoff Collaborative bibliography (handoffs.org), PMID-annotated","2026-09-02, PMID-annotated secondary bibliography; primary record not opened; retrieval 2026-09-06: DOI read from PubMed record 30995210 (Anesth Analg 2019;128(5):e71-e78)"
"lanefall-2021-protocol","16","Lane-Fall MB, et al. Handoffs and transitions in critical care - understanding scalability: study protocol for a multicenter stepped wedge type 2 hybrid effectiveness-implementation trial (HATRICC-US). Implement Sci. 2021;16:63.","10.1186/s13012-021-01131-1","34130725","consensus_statement","2021","NA","open","current","PROTOCOL ONLY, registered as NCT04571749 on 1 October 2020, for a multicentre stepped-wedge trial of standardised OR-to-ICU handoffs across US academic ICUs. Design row, not a results row. Results may have published between this ledger's search date and use; see gaps.md.","","2026-09-02, PMC record PMC8204062 + Implementation Science PDF; PMID from handoffs.org PMID-annotated bibliography"
"aubrun-2001","10","Aubrun F, et al. Postoperative titration of intravenous morphine. Eur J Anaesthesiol. 2001 Mar;18(3):159-165.","10.1046/j.0265-0215.2000.00796.x","11298174","cohort","2001","UNVERIFIED (not captured from abstract; read full text)","UNVERIFIED","current","Prospective non-randomized PACU quality programme comparing four titration regimens; VAPS >30 mm to give morphine, relief = VAPS <=30. Group 4 (5-min boluses, unlimited number, early s.c. morphine) had the lowest end-PACU VAPS (26 +/- 17 mm) and most patients relieved (73%); sedated patients 62% (group 3) and 61% (group 4) vs 27% (group 1); no difference in morphine-related adverse effects.","PubMed search 'Aubrun postoperative titration intravenous morphine'; cited in aubrun-2012 review (director-accepted)","2026-09-06, PubMed record 11298174 (abstract); publisher page not opened"
"aubrun-2003","10","Aubrun F, et al. Relationships between measurement of pain using visual analog score and morphine requirements during postoperative intravenous morphine titration. Anesthesiology. 2003 Jun;98(6):1415-1421.","10.1097/00000542-200306000-00017","12766651","cohort","2003","3045","UNVERIFIED","current","PACU titration: bolus 2 mg (<=60 kg) or 3 mg (>60 kg) every 5 min, threshold VAS 30, relief VAS <=30. Mean initial VAS 73 +/- 19; mean dose to relief 0.17 +/- 0.10 mg/kg, median 4 boluses (range 1-20); VAS >=70 predicted need for >0.15 mg/kg (sensitivity 0.77, specificity 0.54); VAS-dose relationship sigmoid, not linear.","PubMed search","2026-09-06, PubMed record 12766651 (abstract); publisher page not opened"
"paqueron-2002","10","Paqueron X, et al. Is morphine-induced sedation synonymous with analgesia during intravenous morphine titration? Br J Anaesth. 2002 Nov;89(5):697-701.","UNVERIFIED","12393765","cohort","2002","73","UNVERIFIED","current","Makes the day's claim directly: 73 PACU patients titrated with morphine; 52 slept, 21 did not; titration stopped at sleep. Ramsay 1.7 (0.4) -> 2.4 (0.6) and BIS 95 (5.0) -> 89.8 (10.2) at sleep onset; VAS fell comparably in both groups (78 -> 39 sleep, 64 -> 30.4 awake); 13/52 sleepers (25%) still had VAS >50 mm at 30 min. Conclusion: sedation precedes analgesia and is not an indicator of adequate analgesia.","PubMed search 'Paqueron morphine-induced sedation synonymous analgesia'","2026-09-06, PubMed record 12393765 (abstract); publisher page not opened; DOI note: candidate 10.1093/bja/aef274 tested at doi.org resolves to a different article - do not use"
"frasca-2007","10","[first author not captured - confirm] et al. Opioid-induced sedation in the postanesthesia care unit does not insure adequate pain relief: a case-control study. Anesth Analg. 2007 Oct;105(4):1143-1147.","10.1213/01.ane.0000281441.93304.e3","17898402","cohort","2007","26 cases + 52 matched controls","UNVERIFIED","current","Case-control: 26 patients with Ramsay >3 AND VRS >=3 at PACU discharge vs 52 controls (VRS <3). Sedated group reported severe/moderate/no PACU pain 58%/16%/26% vs 18%/25%/57%; bad first-night sleep 54% vs 10% (P=0.001); severe pain at 24 h 50% vs 6% (P<0.0001); not satisfied 20% vs 2% (P<0.0001). Conclusion: clinically significant opioid sedation in the PACU does not insure adequate pain relief.","PubMed search results alongside paqueron-2002","2026-09-06, PubMed record 17898402 (abstract); author list not captured (output filter) - confirm first author on the record before use"
"asa-acute-pain-2012","10","American Society of Anesthesiologists Task Force on Acute Pain Management. Practice guidelines for acute pain management in the perioperative setting: an updated report. Anesthesiology. 2012 Feb;116(2):248-273.","10.1097/ALN.0b013e31823c1030","22227789","guideline","2012","NA","UNVERIFIED","current","Society guideline candidate for Day 10 (multimodal analgesia, opioid titration principles). Identifiers read from the PubMed search-result summary only; content NOT read; include only after the record and text are read.","PubMed search-result list (appeared alongside ASA advisory searches)","2026-09-06, PubMed search-result summary only; record and text not opened; currency note: no later ASA update surfaced in the searches run, not specifically checked"
"bayable-2023","13","Bayable SD, et al. Delayed awakening and its associated factor following general anesthesia service, 2022: a cross-sectional study. Ann Med Surg (Lond). 2023 Jul 31;85(9):4321-4328.","10.1097/MS9.0000000000001103","37663712","cohort","2023","UNVERIFIED (denominator not stated in abstract)","open","current","Cross-sectional chart review Jan-Jun 2022: normal emergence 91.7%; delayed awakening 2.6%; hypoactive emergence 3.9%; emergence delirium 1.8%. Associated with opioids (AOR 2.3), surgery >2 h (AOR 1.91), crystalloid >3000 ml (AOR 3.12), intraoperative hypotension (AOR 3.37). CAUTION: several reported 95% CIs do not contain their point estimates (e.g. AOR 1.33, CI 0.83-7.19; AOR 2.38, CI 2.05-7.15) - internally inconsistent statistics; use for the differential only, not for numbers.","docs/new-sources-assessment.md; PubMed search","2026-09-06, PubMed record 37663712 (abstract); PMC10473332 listed (Free PMC article)"
"ellis-2017","13","Ellis TA 2nd, et al. Delayed Emergence From Anesthesia: A Simulation Case for Anesthesia Learners. MedEdPORTAL. 2017 Sep 18;13:10628.","10.15766/mep_2374-8265.10628","30800829","consensus_statement","2017","NA","open","current","Educational simulation case (not a study): lists causes of delayed emergence as residual anesthetics, pharmacologic actions, surgical complications, neurologic events, endocrine disturbances, patient factors; emphasises pseudocholinesterase deficiency. Design vocabulary has no term for an educational resource; 'consensus_statement' is a placeholder the director should confirm or the row should be dropped from support and kept as found_via only.","docs/new-sources-assessment.md; PubMed search","2026-09-06, PubMed record 30800829 (abstract); PMC6338181 (Free PMC article); first-author name from record author list"
"link-1997","13","Link J, et al. Distinct central anticholinergic syndrome following general anaesthesia. Eur J Anaesthesiol. 1997 Jan;14(1):15-23.","10.1046/j.1365-2346.1997.00004.x","9049553","cohort","1997","962","UNVERIFIED","current","Prospective 2-month recovery-room study: 18/962 (1.9%) developed distinct central anticholinergic syndrome after other causes (prolonged anaesthetic/relaxant action, respiratory depression, metabolic disorder) were excluded; 6/60 women after hysterectomy (P=0.003); untreated somnolence >2 h in 6/18; all woke after physostigmine, 6 relapsed and needed a second (one a third) dose.","PubMed search 'central anticholinergic syndrome after anesthesia physostigmine'","2026-09-06, PubMed record 9049553 (abstract); publisher page not opened"
"fda-naloxone-label-2023","13","Naloxone Hydrochloride Injection, USP [prescribing information]. Hospira, Inc. Revised 07/2023. DailyMed set ID 8535cc84-ad4a-4d67-8480-fb5a2e3406f8.","","","advisory","2023","NA","open","current","FDA label. Dosage and Administration: 'Since the duration of action of some opioids may exceed that of naloxone, the patient should be kept under continued surveillance. Repeated doses of naloxone should be administered, as necessary.' Pharmacokinetics: 'the serum half-life in adults ranged from 30 to 81 minutes (mean 64 +/- 12 minutes).' Postoperative opioid depression: 'increments of 0.1 to 0.2 mg intravenously at two to three minute intervals to the desired degree of reversal.' Precautions: abrupt reversal may cause nausea, vomiting, sweating, tremulousness, tachycardia, increased blood pressure, seizures, ventricular tachycardia and fibrillation, pulmonary edema, and cardiac arrest.","DailyMed SPL search (drug_name=naloxone hydrochloride)","2026-09-06, DailyMed SPL (full label text) via fetch; no DOI/PMID applies (regulatory document) - design term 'advisory' is a placeholder for label"
"fda-flumazenil-label-2025","13","Flumazenil Injection, USP [prescribing information]. Fresenius Kabi USA, LLC. Revised January 2025. DailyMed set ID a72d9fc1-121c-455d-93a9-002378c9968f.","","","advisory","2025","NA","open","current","FDA label. Boxed warning (WARNINGS): 'THE USE OF FLUMAZENIL HAS BEEN ASSOCIATED WITH THE OCCURRENCE OF SEIZURES. THESE ARE MOST FREQUENT IN PATIENTS WHO HAVE BEEN ON BENZODIAZEPINES FOR LONG-TERM SEDATION OR IN OVERDOSE CASES WHERE PATIENTS ARE SHOWING SIGNS OF SERIOUS CYCLIC ANTIDEPRESSANT OVERDOSE.' Reversal of sedation/anesthesia (adults): 0.2 mg IV over 15 s; further 0.2 mg at 60-s intervals up to 4 additional doses; maximum cumulative 1 mg. Resedation 3% to 9% in conscious-sedation studies; terminal half-life 40 to 80 minutes.","DailyMed SPL search (drug_name=flumazenil)","2026-09-06, DailyMed SPL (full label text) via fetch"
"keita-2005","17","Keita H, et al. Predictive factors of early postoperative urinary retention in the postanesthesia care unit. Anesth Analg. 2005 Aug;101(2):592-596.","10.1213/01.ANE.0000159165.90094.40","16037182","cohort","2005","313","UNVERIFIED","current","Prospective PACU cohort with ultrasound bladder volume on entry and before discharge. Retention defined as bladder volume >600 mL with inability to void within 30 min; incidence 16%. Independent predictors: age >=50 yr, intraoperative fluids >=750 mL, bladder volume on PACU entry >=270 mL (odds ratios not captured - read from paper).","PubMed search 'Keita predictive factors early postoperative urinary retention PACU'","2026-09-06, PubMed record 16037182 (abstract); publisher page not opened"
"lamonerie-2004","17","Lamonerie L, et al. Prevalence of postoperative bladder distension and urinary retention detected by ultrasound measurement. Br J Anaesth. 2004 Apr;92(4):544-546.","10.1093/bja/aeh099","14977795","cohort","2004","177","UNVERIFIED","current","Ultrasound at recovery-room discharge in 177 adults: 44% had bladder volume >500 ml, and 54% of those (asymptomatic) could not void within 30 min. Risk factors: age >60 yr OR 2.11 (95% CI 1.01-4.38), spinal anaesthesia OR 3.97 (1.32-11.89), surgery >120 min OR 3.03 (1.39-6.61).","PubMed search","2026-09-06, PubMed record 14977795 (abstract); publisher page not opened"
"mulroy-2002","17","Mulroy MF, et al. Ambulatory surgery patients may be discharged before voiding after short-acting spinal and epidural anesthesia. Anesthesiology. 2002 Aug;97(2):315-319.","10.1097/00000542-200208000-00005","12151918","rct","2002","201 (163 randomized + 38 assigned to accelerated pathway)","UNVERIFIED","current","Also serves Day 15. Low-risk ambulatory patients (age <70, no hernia/rectal/urologic surgery, no voiding history) after short-acting spinal/epidural (procaine, lidocaine, 2-chloroprocaine, <7 mg bupivacaine, no epinephrine). Standard pathway (n=70) required voiding: discharged 153 +/- 49 min. Accelerated (n=131) not required: 62 voided (127 +/- 41 min); 46 discharged with bladder ultrasound <400 ml (120 +/- 42); 23 had >400 ml, of whom 20 voided within 1 h and 3 were catheterized. Accelerated pathway 22 min shorter (P=0.002); no urinary problems or returns.","PubMed search","2026-09-06, PubMed record 12151918 (abstract); publisher page not opened"
"uppal-2023","18","Uppal V, Russell R, Sondekoppam R, Ansari J, et al. Consensus Practice Guidelines on Postdural Puncture Headache From a Multisociety, International Working Group: A Summary Report. JAMA Netw Open. 2023 Aug 1;6(8):e2325387.","10.1001/jamanetworkopen.2023.25387","37581893","guideline","2023","NA (21-member panel, 6 societies, 47 recommendations)","open","current","Suspect PDPH if headache or neurological symptoms, possibly relieved lying flat, occur within 5 days of a neuraxial procedure (certainty moderate); inpatients reviewed, outpatients instructed to report (grade A). Conservative: bed rest not routinely supported (C); oral hydration (C); multimodal analgesia with acetaminophen/NSAIDs for all (B); caffeine may be offered in first 24 h, max 900 mg/day (B); steroids, theophylline, triptans, ACTH, neostigmine/atropine, gabapentin not supported (I). EBP when refractory and impairing ADLs (B); 15-20 mL typical, >30 mL no added benefit; if within 48 h counsel on likely repeat (B); imaging for nonorthostatic headache, onset >5 days, focal deficits, visual change, altered consciousness, seizures (B); alternative diagnoses SDH and CVST; follow up until resolution (B). Full recommendation text in extraction-findings-2.md.","PubMed search 'consensus practice guidelines postdural puncture headache multisociety'","2026-09-06, PubMed record 37581893 + full text read on jamanetwork.com (open access, no login)"
"uppal-2024-rapm","18","Uppal V, et al. Evidence-based clinical practice guidelines on postdural puncture headache: a consensus report from a multisociety international working group. Reg Anesth Pain Med. 2024 Jul 8;49(7):471-501.","10.1136/rapm-2023-104817","37582578","guideline","2024","NA (50 recommendations)","UNVERIFIED","current","Full-length version of uppal-2023 (same working group; 50 vs 47 recommendations). Not read; listed so the day can cite the full guideline when the summary is quoted.","PubMed search","2026-09-06, PubMed record 37582578 (abstract only); text not read"
"asa-neuropathy-2018","19","American Society of Anesthesiologists Task Force on Prevention of Perioperative Peripheral Neuropathies. Practice Advisory for the Prevention of Perioperative Peripheral Neuropathies 2018: An Updated Report. Anesthesiology. 2018 Jan;128(1):11-26.","10.1097/ALN.0000000000001937","29116945","advisory","2018","NA","UNVERIFIED","current","Current ASA advisory on positioning to prevent ulnar, brachial plexus and other perioperative neuropathies. Recommendation text NOT read (identifiers and currency only); read before quoting any positioning recommendation.","PubMed search 'Practice Advisory for the Prevention of Perioperative Peripheral Neuropathies 2018'","2026-09-06, PubMed record 29116945 (no abstract on record); older versions seen in the same search; currency note: supersedes the 2011 (PMID 21364463) and 2000 (PMID 10754638) advisories"
"asa-povl-2019","19","American Society of Anesthesiologists Task Force on Perioperative Visual Loss, North American Neuro-Ophthalmology Society, Society for Neuroscience in Anesthesiology and Critical Care. Practice Advisory for Perioperative Visual Loss Associated with Spine Surgery 2019: An Updated Report. Anesthesiology. 2019 Jan;130(1):12-30.","10.1097/ALN.0000000000002503","30531555","advisory","2019","NA","open","current","Current advisory on perioperative visual loss / ischaemic optic neuropathy in spine surgery. Recommendation text NOT read; PMC9556164 available (Free PMC article) for reading.","PubMed search","2026-09-06, PubMed record 30531555; PMC9556164 listed (Free PMC article); text not read; currency note: supersedes the 2012 (PMID 22227790) and 2006 (PMID 16732103) advisories"
"povl-study-group-2012","19","Postoperative Visual Loss Study Group. Risk factors associated with ischemic optic neuropathy after spinal fusion surgery. Anesthesiology. 2012 Jan;116(1):15-24.","10.1097/ALN.0b013e31823d012a","22185873","cohort","2012","80 cases, 315 controls","UNVERIFIED","current","Multicenter case-control (ASA POVL Registry vs 17 institutions). Independent ION risk factors after spinal fusion: male sex OR 2.53 (1.35-4.91), obesity OR 2.83 (1.52-5.39), Wilson frame OR 4.30 (2.13-8.75), anesthesia duration OR 1.39 per hour (1.22-1.58), estimated blood loss OR 1.34 per litre (1.13-1.61), colloid as % of non-blood replacement OR 0.67 per 5% (0.52-0.82); AUC 0.85. PubMed pubtype mislabels as RCT.","PubMed search","2026-09-06, PubMed record 22185873 (abstract); publisher page not opened"
"warner-1994","19","Warner MA, et al. Ulnar neuropathy. Incidence, outcome, and risk factors in sedated or anesthetized patients. Anesthesiology. 1994 Dec;81(6):1332-1340.","UNVERIFIED","7992900","cohort","1994","1,129,692 (414 cases; 1:3 case-control)","UNVERIFIED","current","Mayo 1957-1991: persistent (>3 months) ulnar neuropathy in 414 patients = 1 per 2,729; 9% bilateral; initial symptoms in most noted more than 24 h after the procedure; associated with male gender and hospitalization >14 days (P<0.01) and with very thin or obese habitus; neither anesthetic technique nor patient position was associated; 53% of 382 one-year survivors recovered fully.","PubMed search","2026-09-06, PubMed record 7992900 (abstract); publisher page not opened"
"harper-2018-nap6","20","Harper NJN, Cook TM, Garcez T, et al. Anaesthesia, surgery, and life-threatening allergic reactions: epidemiology and clinical features of perioperative anaphylaxis in the 6th National Audit Project (NAP6). Br J Anaesth. 2018 Jul;121(1):159-171.","10.1016/j.bja.2018.04.014","29935567","case_series","2018","266 Grade 3-5 reports (1 year, UK NHS)","UNVERIFIED","current","Estimated incidence ~1:10,000 anaesthetics (true incidence possibly ~70% higher). Culprits (199 identified): antibiotics 94, NMBAs 65, chlorhexidine 18, Patent Blue 9; NO local anaesthetic or LATEX cases. Presenting features: hypotension 46%, bronchospasm 18%, tachycardia 9.8%, desaturation 4.7%, bradycardia 3%, reduced/absent capnography 2.3%; all hypotensive at some point. Onset rapid for NMBAs/antibiotics but DELAYED with chlorhexidine and Patent Blue. 10 deaths, 40 cardiac arrests (PEA usual, often with bradycardia); poor outcome associated with ASA class, obesity, beta-blockers, ACE inhibitors.","PubMed search 'Harper Cook NAP6 perioperative anaphylaxis'","2026-09-06, PubMed record 29935567 (abstract); publisher page not opened"
"garvey-2019","20","Garvey LH, Dewachter P, Hepner DL, et al. Management of suspected immediate perioperative allergic reactions: an international overview and consensus recommendations. Br J Anaesth. 2019 Jul;123(1):e50-e64.","10.1016/j.bja.2019.04.044","31130272","consensus_statement","2019","NA (26 experts, modified Delphi)","open","current","Grading (modified Ring and Messmer, Table 1): I skin/mucosal only; II moderate multi-organ; III life-threatening hypotension/tachy- or bradycardia/severe bronchospasm; IV cardiac or respiratory arrest; skin signs may be absent in III/IV until perfusion restored. Table 4 adult doses: Grade II i.v. epinephrine 20 microg, escalate to 50 microg at 2 min, repeat q2 min, 300 microg i.m. if no i.v. access, crystalloid 500 ml; Grade III 50 microg (100 microg if unresponsive to other vasopressors), escalate to 200 microg at 2 min, crystalloid 1 L repeated up to 30 ml/kg; Grade IV 1 mg per ALS, ECM if SBP <50 mmHg or EtCO2 <3 kPa; refractory >10 min: double dose, infusion 0.05-0.1 microg/kg/min after >3 boluses, vasopressin 1-2 IU, glucagon 1-2 mg if beta-blocked, norepinephrine 0.05-0.5 microg/kg/min, ECLS. Tryptase at 1 h, 2-4 h, baseline >=24 h. 'Sugammadex has no immediate role in resuscitation of suspected anaphylaxis.'","PubMed search 'management of suspected immediate perioperative allergic reactions consensus'","2026-09-06, PubMed record 31130272 + full text read on sciencedirect.com ('Under an Elsevier user license / Open archive', no login)"
"guay-2009","3","Guay J. Methemoglobinemia related to local anesthetics: a summary of 242 episodes. Anesth Analg. 2009 Mar;108(3):837-845.","10.1213/ane.0b013e318187c4b1","19224791","case_series","2009","242 published episodes","UNVERIFIED","current","Systematic summary of 242 published episodes of local anaesthetic-related methaemoglobinaemia: SpO2 <=90% with PaO2 >=70 mmHg discrepancy in 91.8%; SpO2 minus co-oximetry difference -6.2% to 44.7%; a single spray of benzocaine may induce methaemoglobinaemia; coma reported at MetHb 32.2% (children) and 29.1% (adults); rebound MetHb up to 59.9% up to 18 h after methylene blue with mucosal benzocaine; complications include hypoxic encephalopathy, MI and death; conclusion 'Benzocaine should no longer be used'. Prilocaine adult limit 5.0 mg/kg. PubMed pubtype: Meta-Analysis.","PubMed search","2026-09-06, PubMed record 19224791 (abstract); publisher page not opened"
"barker-1989","3","Barker SJ, Tremper KK, Hyatt J. Effects of methemoglobinemia on pulse oximetry and mixed venous oximetry. Anesthesiology. 1989 Jan;70(1):112-117.","10.1097/00000542-198901000-00021","2912291","cohort","1989","5 anesthetized dogs","UNVERIFIED","current","ANIMAL study (design vocabulary has no term; 'cohort' is a placeholder - director to decide). MetHb induced up to 60% by intratracheal benzocaine on FiO2 1.0: SpO2 overestimated SaO2 proportionally until MetHb ~35%, then plateaued at 84-86% and did not fall further; with further desaturation SpO2 changed far less than SaO2 (slopes 0.16-0.32). This is the primary source for the '~85% plateau'.","PubMed search","2026-09-06, PubMed record 2912291 (abstract); co-author list from record; publisher page not opened"
"fda-methylene-blue-label-2025","3","Methylene Blue Injection, USP 0.5% [prescribing information]. Amneal Pharmaceuticals LLC. Revised 11/2025. DailyMed set ID 67da2a69-8166-46c7-921c-d6ec47bfeac8.","","","advisory","2025","NA","open","current","FDA label: indicated for acquired methemoglobinemia (pediatric and adult); 1 mg/kg IV over 5-30 min, repeat 1 mg/kg after 1 h if MetHb remains >30% or symptoms persist; CONTRAINDICATED in G6PD deficiency (risk of hemolytic anemia) and 'may not be effective in patients with G6PD deficiency'; boxed warning for serotonin syndrome with serotonergic drugs and opioids; 'The presence of methylene blue in the blood may result in an underestimation of the oxygen saturation reading by pulse oximetry.'","DailyMed SPL search","2026-09-06, DailyMed SPL (full label text) via fetch"
"litman-2008","7","Litman RS, Flood CD, Kaplan RF, Kim YL, Tobin JR. Postoperative malignant hyperthermia: an analysis of cases from the North American Malignant Hyperthermia Registry. Anesthesiology. 2008 Nov;109(5):825-829.","10.1097/ALN.0b013e31818958e5","18946294","case_series","2008","528 suspected cases; 10 confirmed postoperative","UNVERIFIED","current","NAMHR: postoperative MH confirmed in 10/528 (1.9%); all had volatile agents, 5 also succinylcholine; all showed generalized rigidity, hypercapnia and/or tachypnea, tachycardia and hyperthermia, but NO subject had hyperthermia as the presenting sign; latency from end of anaesthesia to first sign 0 to 40 min.","PubMed search 'Litman postoperative malignant hyperthermia registry'","2026-09-06, PubMed record 18946294 (abstract); author list not fully captured - confirm; publisher page not opened"
"larach-2010","7","Larach MG, Gronert GA, Allen GC, Brandom BW, Lehman EB. Clinical presentation, treatment, and complications of malignant hyperthermia in North America from 1987 to 2006. Anesth Analg. 2010 Feb 1;110(2):498-507.","10.1213/ANE.0b013e3181c6b9b2","20081135","case_series","2010","286 episodes","UNVERIFIED","current","NAMHR 1987-2006: young males 74.8%; frequent initial signs hypercarbia, sinus tachycardia, masseter spasm; temperature abnormality (median maximum 39.1 C) was the first-to-third sign in 63.5%; 78.6% had muscular abnormalities plus respiratory acidosis but only 26.0% metabolic acidosis; median dantrolene 5.9 mg/kg (IQR 3.0-10.0); complications in 63/181 (34.8%); likelihood of complication x2.9 per 2 C rise in maximum temperature and x1.6 per 30-min delay in dantrolene.","PubMed search","2026-09-06, PubMed record 20081135 (abstract); author list not fully captured - confirm; publisher page not opened"
"kopman-1997","1","Kopman AF, Yee PS, Neuman GG. Relationship of the train-of-four fade ratio to clinical signs and symptoms of residual paralysis in awake volunteers. Anesthesiology. 1997 Apr;86(4):765-771.","10.1097/00000542-199704000-00005","9105219","cohort","1997","10 volunteers","UNVERIFIED","current","Head-lift insensitivity: a sustained 5-s head-lift was achieved at a mean TOF ratio of 0.60 (range 0.45-0.75), i.e. present well below 0.9. TOF <=0.90 was accompanied by diplopia and difficulty tracking moving objects in all subjects; incisor clench (tongue depressor) not until TOF >0.85; grip strength 59% of control at 0.70; all symptomatic at 0.70; authors conclude recovery requires TOF >0.90.","PubMed search","2026-09-06, PubMed record 9105219 (abstract); co-authors from record; publisher page not opened"
"herbstreit-2010","1","Herbstreit F, Zigrahn D, Ochterbeck C, Peters J, Eikermann M. Neostigmine/glycopyrrolate administered after recovery from neuromuscular block increases upper airway collapsibility by decreasing genioglossus muscle activity in response to negative pharyngeal pressure. Anesthesiology. 2010 Dec;113(6):1280-1288.","10.1097/ALN.0b013e3181f70f3d","20980910","cohort","2010","10 healthy male volunteers","UNVERIFIED","current","Neostigmine 0.03 mg/kg + glycopyrrolate 0.0075 mg/kg given AFTER TOF recovered to 1.0 reduced negative-pressure-evoked genioglossus activity by 37 +/- 29% (P=0.005), almost to the level seen at TOF 0.5, and increased upper-airway collapsibility (Pcrit value not captured); minute ventilation unchanged. Supports 'paradoxical weakness' when neostigmine is given after recovery; does NOT address deep block.","PubMed search","2026-09-06, PubMed record 20980910 (abstract); author list not fully captured - confirm; publisher page not opened"
"fda-sugammadex-label-2026","1","Sugammadex Injection [prescribing information]. Fresenius Kabi USA, LLC. Revised 6/2026. DailyMed set ID 8e685b67-6804-4d97-b43e-0259b3fe231f.","","","advisory","2026","NA","open","current","FDA label. Dosing by depth: 2 mg/kg at reappearance of T2; 4 mg/kg at 1-2 post-tetanic counts; 16 mg/kg ~3 min after 1.2 mg/kg rocuronium. Anaphylaxis 0.3% (1/299 healthy volunteers, in the 16 mg/kg group). 'Cases of marked bradycardia, some of which have resulted in cardiac arrest, have been observed within minutes after the administration.' Recurrence: lower-than-recommended doses increase risk of recurrence after initial reversal. Hormonal contraceptives: equivalent to a missed dose; additional non-hormonal contraception for 7 days. Waits before re-dosing steroidal NMBA: 5 min (1.2 mg/kg rocuronium), 4 h (0.6 mg/kg rocuronium or 0.1 mg/kg vecuronium), 24 h after 16 mg/kg or in renal impairment.","DailyMed SPL search","2026-09-06, DailyMed SPL (full label text) via fetch"
"fda-neostigmine-label-2024","1","Neostigmine Methylsulfate Injection, USP [prescribing information]. Hikma Pharmaceuticals USA Inc. Revised 4/2024. DailyMed set ID 7a9d996f-aecb-455f-95fc-1010e461d75d.","","","advisory","2024","NA","open","current","FDA label. Section 2.2: 0.03-0.07 mg/kg 'will generally achieve a TOF twitch ratio of 90%'; 'The recommended maximum total dose is 0.07 mg/kg or up to a total of 5 mg, whichever is less'; a first-twitch response of at least 10% of baseline must be present before dosing; 0.03 mg/kg when T1 is substantially >10% of baseline or T2 present. Section 5.4: 'Large doses ... administered when neuromuscular blockade is minimal can produce neuromuscular dysfunction.' Section 5.1: atropine or glycopyrrolate before neostigmine to lessen bradycardia.","DailyMed SPL search","2026-09-06, DailyMed SPL (full label text) via fetch"
"fda-succinylcholine-label-2022","2","QUELICIN (succinylcholine chloride) Injection, USP [prescribing information]. Hospira, Inc. Revised 11/2022. DailyMed set ID fb08161e-7711-406d-e7b3-ea4515c07983.","","","advisory","2022","NA","open","current","FDA label. IV: 'The average dose required to produce neuromuscular blockade and to facilitate tracheal intubation is 0.6 mg/kg.' IM: 'up to 3 mg/kg to 4 mg/kg to infants, older pediatric patients, or adults. The total dose administered by the intramuscular route should not exceed 150 mg.' IM onset 'usually observed in about 2 to 3 minutes.' Boxed warning: hyperkalemic rhabdomyolysis/cardiac arrest in children with undiagnosed myopathy (Duchenne). Label carries no laryngospasm-specific dose.","DailyMed SPL search","2026-09-06, DailyMed SPL (full label text) via fetch"
"fda-clonidine-label-2022","6","Clonidine Hydrochloride Tablets, USP [prescribing information]. Solco Healthcare US / Major Pharmaceuticals. Revised 07/2022. DailyMed set ID 8171776a-dd14-4dcc-8860-3c27d8ea9504.","","","advisory","2022","NA","open","current","FDA label, WARNINGS (withdrawal): 'Sudden cessation of clonidine treatment has, in some cases, resulted in symptoms such as nervousness, agitation, headache, and tremor accompanied or followed by a rapid rise in blood pressure and elevated catecholamine concentrations in the plasma' (first 125 characters verbatim; remainder paraphrased in findings - re-quote from label); reactions more likely after higher doses or with beta-blockers; rare hypertensive encephalopathy, stroke, death; taper over 2-4 days. PRECAUTIONS (perioperative): continue to within four hours of surgery and resume as soon as possible thereafter.","DailyMed SPL search","2026-09-06, DailyMed SPL via fetch (fetch tool quoted 125-character windows; full sentences to be re-quoted from label)"
"kranke-2002","7","Kranke P, et al. Pharmacological treatment of postoperative shivering: a quantitative systematic review of randomized controlled trials. Anesth Analg. 2002 Feb;94(2):453-460.","10.1097/00000539-200202000-00043","11812718","meta_rct","2002","20 RCTs; 944 active, 413 control","UNVERIFIED","current","Meperidine 25 mg: NNT 2.7 at 1 min (RR 6.8, 2.5-18.5), NNT 1.3 at 5 min (RR 9.6, 5.7-16), NNT 1.5 at 10 min (RR 4.0, 2.5-6.2). Clonidine 150 microg: NNT 1.3 at 5 min (RR 6.8, 3.3-14.2). Doxapram 100 mg NNT 1.7 at 5 min; ketanserin 10 mg NNT 2.3 at 5 min. Insufficient data for other opioids, magnesium, tramadol etc.; adverse-effect reporting sparse.","PubMed search","2026-09-06, PubMed record 11812718 (abstract); first author from title match, full author list not captured; publisher page not opened; currency note: search to Aug 2000, dexmedetomidine not covered"
"wang-2020-dex-shivering","7","Wang N, et al. Intravenous dexmedetomidine versus intravenous clonidine for post spinal anesthesia shivering: a meta-analysis of randomized controlled trials. Scott Med J. 2020 Aug;65(3):94-102.","10.1177/0036933020936283","32571181","meta_rct","2020","6 RCTs, 340 adults","UNVERIFIED","current","Post-SPINAL shivering (not post-GA PACU): dexmedetomidine superior to clonidine for effective rate, time to cessation and recurrence, with less hypotension and more sedation (effect sizes not captured - read from paper; doses per trial not in abstract).","PubMed search 'dexmedetomidine treatment postoperative shivering meta-analysis'","2026-09-06, PubMed record 32571181 (abstract); publisher page not opened"
"leslie-1995","7","Leslie K, Sessler DI, Bjorksten AR, Moayeri A. Mild hypothermia alters propofol pharmacokinetics and increases the duration of action of atracurium. Anesth Analg. 1995 May;80(5):1007-1014.","10.1097/00000539-199505000-00027","7726398","rct","1995","6 volunteers (randomized crossover)","UNVERIFIED","current","At 34 C vs 37 C, propofol blood concentrations averaged ~28% higher (P<0.05); hepatic blood flow fell 23 +/- 11% (normothermia) vs 33 +/- 11% (hypothermia), NS; intercompartmental clearances decreased with hypothermia. Atracurium duration increase is in the title but its magnitude is in the truncated part of the abstract - read full text.","PubMed search","2026-09-06, PubMed record 7726398 (abstract, truncated at 250 words); author list not fully captured - confirm; publisher page not opened"
"hausmann-1991","7","Hausmann D, et al. [O2 uptake in the recovery period. The effect of the anesthetic procedure and the postoperative administration of pethidine]. Anaesthesist. 1991 Apr;40(4):229-234. German.","UNVERIFIED","2058825","cohort","1991","24 (12 isoflurane, 12 TIVA)","UNVERIFIED","current","Indirect calorimetry: steady-state GA reduced VO2 ~30%; in recovery, shivering occurred in 8/12 isoflurane patients (maximum VO2 639 ml/min) vs 2/12 TIVA (584 ml/min), P<0.05; meperidine 25 mg IV in 5 shivering patients reduced VO2 significantly to TIVA range. Small, German-language; the only primary O2-consumption-with-shivering source surfaced in one search.","PubMed search 'postanesthetic shivering oxygen consumption'","2026-09-06, PubMed record 2058825 (abstract); publisher page not opened"
"wang-2000","9","Wang JJ, Ho ST, Tzeng JI, Tang CS. The effect of timing of dexamethasone administration on its efficacy as a prophylactic antiemetic for postoperative nausea and vomiting. Anesth Analg. 2000 Jul;91(1):136-139.","10.1097/00000539-200007000-00025","10866900","rct","2000","120 (3 x 40)","UNVERIFIED","current","Dexamethasone 10 mg IV before induction vs at end of anesthesia vs placebo, abdominal hysterectomy. PONV 0-2 h: 15% vs 45% vs 53%; rescue antiemetic 0-2 h: 8% vs 30% vs 35%; PONV 2-24 h: 25% and 28% vs 55%. Conclusion: dexamethasone immediately before induction is more effective than at the end of anesthesia.","PubMed search","2026-09-06, PubMed record 10866900 (abstract); co-authors not fully captured - confirm; publisher page not opened"
"fda-droperidol-label-2009","9","Droperidol Injection, USP [prescribing information]. American Regent, Inc. Revised January 2009 (SPL published 2023-03-21). DailyMed set ID 147e033d-d997-4ef6-8bb5-a9ba372590b2.","","","advisory","2009","NA","open","current","FDA label, boxed warning: 'Cases of QT prolongation and/or torsade de pointes have been reported in patients receiving droperidol at doses at or below recommended doses'; reserve for patients who fail other adequate treatments; 12-lead ECG before administration; do not give if QTc >440 msec (males) or >450 msec (females). Dose: 'The maximum recommended initial dose of droperidol is 2.5 mg IM or slow IV. Additional 1.25 mg doses of droperidol may be administered to achieve the desired effect.' Contraindicated in known or suspected QT prolongation.","DailyMed SPL search","2026-09-06, DailyMed SPL (full label text) via fetch"
"fda-ondansetron-inj-label-2025","9","Ondansetron Hydrochloride Injection, USP [prescribing information]. Onesource Specialty Pharma. Revised November 2025. DailyMed set ID 438c3d28-8bed-50f0-e063-6394a90a18e4.","","","advisory","2025","NA","open","current","FDA label 5.2: 'Ondansetron prolongs the QT interval in a dose-dependent manner'; postmarketing torsade de pointes; avoid in congenital long QT syndrome; ECG monitoring recommended with electrolyte abnormalities, CHF, bradyarrhythmias or other QT-prolonging drugs. PONV dose 4 mg IV over >=30 s or IM, immediately before induction or postoperatively within 2 h. 14.3: 'Administration of a second intravenous dose of ondansetron 4 mg postoperatively does not provide additional control of nausea and vomiting.' No vestibular/motion-sickness statement in label.","DailyMed SPL search","2026-09-06, DailyMed SPL (full label text) via fetch"
"fda-scopolamine-label-2026","9","Scopolamine Transdermal System [prescribing information]. Rhodes Pharmaceuticals LLC. Revised 5/2026. DailyMed set ID ba5a1237-4d23-441a-808e-96b97045fbe2.","","","advisory","2026","NA","open","current","FDA label. PONV: 'Apply one scopolamine transdermal system the evening before scheduled surgery. Remove the transdermal system 24 hours following surgery.' PK: 'circulating plasma concentrations are detected within 4 hours with peak concentrations being obtained, on average, within 24 hours.' Geriatric: 'Elderly patients had an increased risk of neurologic and psychiatric adverse reactions, such as hallucinations, confusion, dizziness, and drug withdrawal syndrome.' Angle-closure glaucoma warning.","DailyMed SPL search","2026-09-06, DailyMed SPL (full label text) via fetch"
"urmey-1991","11","Urmey WF, Talts KH, Sharrock NE. One hundred percent incidence of hemidiaphragmatic paresis associated with interscalene brachial plexus anesthesia as diagnosed by ultrasonography. Anesth Analg. 1991 Apr;72(4):498-503.","10.1213/00000539-199104000-00014","2006740","cohort","1991","13","UNVERIFIED","current","Paresthesia-technique interscalene block (34-52 mL 1.5% mepivacaine): ipsilateral hemidiaphragmatic paresis on ultrasound in 13/13 within 5 min (11/13 at 2 min); motion normal in 10/11 by 3-4 h and in the last by 5 h. 'Diaphragmatic paresis appears to be an inevitable consequence of interscalene brachial plexus block when providing anesthesia sufficient for shoulder surgery.'","PubMed search","2026-09-06, PubMed record 2006740 (abstract); co-authors not fully captured - confirm; publisher page not opened"
"borgeat-2001","11","Borgeat A, Ekatodramis G, Kalberer F, Benz C. Acute and nonacute complications associated with interscalene block and shoulder surgery: a prospective study. Anesthesiology. 2001 Oct;95(4):875-880.","10.1097/00000542-200110000-00015","11605927","cohort","2001","521 enrolled, 520 analysed","UNVERIFIED","current","Acute: pneumothorax 1 (0.2%), CNS toxicity 1 (0.2%). Symptomatic (paresthesia/dysesthesia/non-surgical pain) 14% at 10 days, 7.9% at 1 month, 0.9% at 6 months, 0.2% at 9 months; overall short- and severe long-term complication rate 0.4%. Horner syndrome is NOT reported in the abstract; if the day needs a Horner figure it must come from the full text or another source.","PubMed search","2026-09-06, PubMed record 11605927 (abstract; 3-month figure lost to output filter); co-authors not fully captured - confirm; publisher page not opened"
"gauss-2014","11","Gauss A, Tugtekin I, Georgieff M, Dinse-Lambracht A, Keipke D, Gorsewski G. Incidence of clinically symptomatic pneumothorax in ultrasound-guided infraclavicular and supraclavicular brachial plexus block. Anaesthesia. 2014 Apr;69(4):327-336.","10.1111/anae.12586","24641639","cohort","2014","6366 blocks","UNVERIFIED","current","Prospective observational: clinically symptomatic, radiologically confirmed pneumothorax in 4/6366 (0.06%; 95% CI 0.001-0.124); three of the four presented after a two-day latency; historical non-ultrasound risk quoted as up to 6.1%; all four operators had performed <20 blocks (not shown to be a significant risk factor).","PubMed search","2026-09-06, PubMed record 24641639 (abstract); co-authors not fully captured - confirm; publisher page not opened"
"nathanson-2021","11","Nathanson MH, Harrop-Griffiths W, Aldington DJ, et al. Regional analgesia for lower leg trauma and the risk of acute compartment syndrome: Guideline from the Association of Anaesthetists. Anaesthesia. 2021 Nov;76(11):1518-1525.","10.1111/anae.15504","34096035","guideline","2021","NA","open","current","Association of Anaesthetists guideline: avoid neuraxial or peripheral techniques producing dense blocks of long duration that significantly exceed the duration of surgery; single-shot or continuous PNB with lower concentrations and no adjuncts not associated with diagnostic delay provided surveillance is appropriate; ward observations at set frequencies by staff trained to recognise ACS; objective scoring charts recommended; documented verbal consent; neither surgeon nor anaesthetist may veto the other's recommended treatment. The 'breakthrough pain is the signal' wording is not in the abstract - read the PMC full text.","PubMed search 'Nathanson regional analgesia lower leg trauma compartment syndrome guideline'","2026-09-06, PubMed record 34096035 (abstract); PMC9292897 listed (Free PMC article); co-authors not fully captured - confirm"
"costi-2014","12","Costi D, Cyna AM, Ahmed S, et al. Effects of sevoflurane versus other general anaesthesia on emergence agitation in children. Cochrane Database Syst Rev. 2014 Sep 12;2014(9):CD007084.","10.1002/14651858.CD007084.pub2","25212274","meta_rct","2014","158 RCTs, 14,045 children","open","current","Versus sevoflurane: halothane RR 0.51 (0.41-0.63); propofol throughout RR 0.35 (0.25-0.51); propofol maintenance after sevoflurane induction RR 0.59 (0.46-0.76); desflurane RR 1.46 (0.92-2.31) and isoflurane RR 0.76 (0.46-1.23) no clear difference. Adjuncts: dexmedetomidine RR 0.37 (0.29-0.47), clonidine 0.45 (0.31-0.66), fentanyl 0.37 (0.27-0.50), propofol bolus 0.58, ketamine 0.30, end-of-case midazolam 0.57; midazolam premedication and parental presence ineffective. Authors flag pain as a confounder in EA diagnosis. Gives relative risks, not absolute incidence.","PubMed search","2026-09-06, PubMed record 25212274 (abstract); PMC10898224 listed (Free PMC article); co-authors not fully captured - confirm"
"sikich-2004","12","Sikich N, Lerman J. Development and psychometric evaluation of the pediatric anesthesia emergence delirium scale. Anesthesiology. 2004 May;100(5):1138-1145.","10.1097/00000542-200405000-00015","15114210","cohort","2004","50 children","UNVERIFIED","current","PAED scale: five items (eye contact with caregiver; purposeful actions; aware of surroundings; restless; inconsolable), each 1-4 with reverse scoring where applicable, summed; internal consistency 0.89; reliability 0.84 (0.76-0.90); scores higher after sevoflurane than halothane (P<0.008); negative correlation with age and time to awakening; sensitivity 0.64. No diagnostic cut-off in the abstract.","PubMed search","2026-09-06, PubMed record 15114210 (abstract); publisher page not opened"
"fda-dexmedetomidine-label-2026","12","PRECEDEX (dexmedetomidine hydrochloride) Injection [prescribing information]. Hospira, Inc. Revised 5/2026. DailyMed set ID 92b7ddaa-e45a-4b64-a802-bb5df8771dd6.","","","advisory","2026","NA","open","current","FDA label indications: 1.1 sedation of initially intubated, mechanically ventilated adults in an intensive care setting by continuous infusion 'not to exceed 24 hours'; 1.2 procedural sedation of non-intubated adults, and of non-intubated pediatric patients aged 1 month to <18 years for non-invasive procedures. NO indication or dosing for delirium, emergence agitation or shivering (these appear only as pediatric adverse reactions after discontinuation). 5.2 hypotension/bradycardia including fatalities, more pronounced with hypovolemia, diabetes, chronic hypertension, elderly; 5.3 transient hypertension during loading.","DailyMed SPL search","2026-09-06, DailyMed SPL (full label text) via fetch"
"chung-2008-stop","14","Chung F, Yegneswaran B, Liao P, et al. STOP questionnaire: a tool to screen patients for obstructive sleep apnea. Anesthesiology. 2008 May;108(5):812-821.","10.1097/ALN.0b013e31816d83e4","18431116","cohort","2008","2467 screened; 211 polysomnography","UNVERIFIED","current","Original STOP/STOP-Bang derivation and validation in surgical patients. STOP = Snoring, Tiredness, Observed apnea, blood Pressure (yes/no); 27.5% high risk; sensitivity at AHI >5/>15/>30 = 65.6/74.3/79.5%; adding BMI, age, neck circumference, gender (Bang) raised sensitivity to 83.6/92.9/100%. The numeric Bang thresholds (BMI >35, age >50, neck >40 cm, male) and the >=3 cut-off are NOT in the abstract - read the full text before quoting them.","PubMed search","2026-09-06, PubMed record 18431116 (abstract); publisher page not opened"
"chung-2012-stopbang","14","Chung F, Subramanyam R, Liao P, Sasaki E, Shapiro C, Sun Y. High STOP-Bang score indicates a high probability of obstructive sleep apnoea. Br J Anaesth. 2012 May;108(5):768-775.","10.1093/bja/aes022","22401881","cohort","2012","746 (of 1312 consented, 930 PSG)","open","current","Surgical patients with PSG: OSA present in 68.4% (mild 29.9%, moderate 20.5%, severe 18.0%). STOP-Bang 5: OR 4.8 for moderate/severe and 10.4 for severe OSA; 6: OR 6.3 and 11.6; 7-8: OR 6.9 and 14.9; predicted probability of moderate/severe OSA rose from 0.36 to 0.60 as the score rose from 3 to 7-8. Conclusion: score 5-8 identifies high probability of moderate/severe OSA.","PubMed search","2026-09-06, PubMed record 22401881 (abstract); PMC3325050 listed (Free PMC article); co-authors not fully captured - confirm"
"asa-pacu-standards-2024","15","American Society of Anesthesiologists. Standards for Postanesthesia Care. Approved by the House of Delegates October 27, 2004; last amended October 23, 2024. https://www.asahq.org/standards-and-practice-parameters/standards-for-postanesthesia-care","","","guideline","2024","NA","open","current","Standard V (verbatim): 'A PHYSICIAN IS RESPONSIBLE FOR THE DISCHARGE OF THE PATIENT FROM THE POSTANESTHESIA CARE UNIT. 1. When discharge criteria are used, they must be approved by the Department of Anesthesiology and the medical staff. They may vary depending upon whether the patient is discharged to a hospital room, to the ICU, to a short stay unit or home. 2. In the absence of the physician responsible for the discharge, the PACU nurse shall determine that the patient meets the discharge criteria. The name of the physician accepting responsibility for discharge shall be noted on the record.' Standard III: 'UPON ARRIVAL IN THE PACU, THE PATIENT SHALL BE RE-EVALUATED AND A VERBAL REPORT PROVIDED TO THE RESPONSIBLE NURSE BY THE MEMBER OF THE ANESTHESIA CARE TEAM WHO ACCOMPANIES THE PATIENT.' Also serves Day 16 (handover requirement).","docs/planning-brief.md 10.4; asahq.org","2026-09-06, asahq.org standards page read via fetch (society document; no DOI/PMID)"
"aldrete-1995","15","Aldrete JA. The post-anesthesia recovery score revisited. J Clin Anesth. 1995 Feb;7(1):89-91.","10.1016/0952-8180(94)00001-k","7772368","consensus_statement","1995","NA","UNVERIFIED","current","Source of the modified Aldrete score. No abstract on the PubMed record; the five items (activity, respiration, circulation, consciousness, oxygen saturation; 0-2 each) and the discharge threshold must be read from the full text before they are quoted. Design vocabulary has no term for a scoring-system paper; placeholder.","PubMed search","2026-09-06, PubMed record 7772368 (identifiers only; no abstract)"
"chung-1995-padss","15","Chung F, Chan VW, Ong D. A post-anesthetic discharge scoring system for home readiness after ambulatory surgery. J Clin Anesth. 1995 Sep;7(6):500-506.","10.1016/0952-8180(95)00130-a","8534468","rct","1995","247","UNVERIFIED","current","Randomized open study, ambulatory GA patients: assessed at 1 h then every 30 min until PADSS >=9 and Clinical Discharge Criteria met; time-to-fitness correlation r=0.89; internal consistency alpha 0.65 (PADSS) vs 0.14 (clinical criteria). The threshold >=9 is in the abstract; the five PADSS items are not - read full text.","PubMed search","2026-09-06, PubMed record 8534468 (abstract); co-authors not fully captured - confirm; publisher page not opened"
"white-1999","15","White PF, Song D. New criteria for fast-tracking after outpatient anesthesia: a comparison with the modified Aldrete's scoring system. Anesth Analg. 1999 May;88(5):1069-1072.","10.1097/00000539-199905000-00018","10320170","cohort","1999","UNVERIFIED","UNVERIFIED","current","Source of the fast-track (White) criteria. No abstract on the PubMed record; items and threshold must be read from the full text.","PubMed search","2026-09-06, PubMed record 10320170 (identifiers only; no abstract)"
"doufas-2023","3","Doufas AG, et al. Incidence of postoperative opioid-induced respiratory depression episodes in patients on room air or supplemental oxygen: a post-hoc analysis of the PRODIGY trial. BMC Anesthesiol. 2023 Oct 4;23(1):332.","10.1186/s12871-023-02291-x","37794334","cohort","2023","202","open","current","Surgical WARD patients (not PACU) with blinded continuous oximetry and capnography: 74 always on room air, 88 intermittent, 40 continuous supplemental oxygen. On supplemental oxygen vs room air: all OIRD episodes IRR 2.7 (95% CI 1.4-5.1), apnea IRR 2.8 (1.5-5.2), bradypnea IRR 3.0 (1.2-7.9); high PRODIGY score IRR 4.5 (2.2-9.6). 'Despite oxygen desaturation events not differing between SO and RA, SO may clinically promote OIRD.' Answers the Day 3 placeholder only by analogy (ward, not PACU).","PubMed search results alongside driver-2021","2026-09-06, PubMed record 37794334 (abstract); PMC10548743 listed (Free PMC article)"
